id,title,verdict,reason
myplate-rice-pudding,Rice Pudding,keep,
myplate-garden-frittata,Garden Frittata,keep,
myplate-lemon-velvet-supreme,Lemon Velvet Supreme,keep,
myplate-curtido-salvadore-o-cabbage-salad,Curtido Salvadoreño (Cabbage Salad),keep,
myplate-fruit-crisp,Fruit Crisp,keep,
myplate-fiesta-lettuce-wraps-and-pepper-boats,Fiesta Lettuce Wraps and Pepper Boats,keep,
myplate-red-monster-smoothie,Red Monster Smoothie,fix,no image
myplate-beef-and-vegetable-soup,Beef and Vegetable Soup,keep,
myplate-pupusas-revueltas,Pupusas Revueltas,keep,
myplate-delicious-greens,Delicious Greens,keep,
myplate-seasoned-roasted-vegetables,Seasoned Roasted Vegetables,keep,
myplate-beef-pot-roast,Beef Pot Roast,keep,
myplate-autumn-vegetable-succotash,Autumn Vegetable Succotash,keep,
myplate-picadillo,Picadillo,keep,
myplate-low-calorie-dressing,Low Calorie Dressing,keep,
myplate-chickpeas-and-spinach-saut,Chickpeas and Spinach Sauté,keep,
myplate-beef-and-bean-chile-verde,Beef and Bean Chile Verde,keep,
myplate-pasta-with-vegetables,Pasta with Vegetables,keep,
myplate-savory-bread-pudding-with-kale-and-butternut-squash,Savory Bread Pudding with Kale and Butternut Squash,keep,
myplate-eagle-nest,Eagle Nest,keep,
myplate-popping-pomegranate-salsa,Popping Pomegranate Salsa,keep,
myplate-pork-loin-roast-with-veggies,Pork Loin Roast with Veggies,keep,
myplate-strawberry-s-mores,Strawberry S'Mores,keep,
myplate-potato-skins-with-buffalo-chicken,Potato Skins with Buffalo Chicken,keep,
myplate-bean-and-rice-burritos,Bean and Rice Burritos,keep,
myplate-pasta-frittata-with-peas,Pasta Frittata with Peas,keep,
myplate-spicy-carrots-and-squash,Spicy Carrots and Squash,keep,
myplate-garlic-ginger-ramen-with-beef,Garlic Ginger Ramen with Beef,keep,
myplate-quick-and-easy-pizza,Quick and Easy Pizza,keep,
myplate-snappy-rice-dish,Snappy Rice Dish,keep,
myplate-black-bean-and-rice-salad,Black Bean and Rice Salad,keep,
myplate-mediterranean-chicken-and-white-bean-salad,Mediterranean Chicken and White Bean Salad,keep,
myplate-roasted-cauliflower,Roasted Cauliflower,keep,
myplate-chicken-casserole,Chicken Casserole,keep,
myplate-smoky-mustard-maple-salmon,Smoky Mustard-Maple Salmon,keep,
myplate-four-layer-casserole,Four Layer Casserole,fix,no image
myplate-cookie-cutter-appetizers,Cookie Cutter Appetizers,fix,no image
myplate-sweet-potato-harvest-salad,Sweet Potato Harvest Salad,keep,
myplate-red-potato-and-cabbage-colcannon,Red Potato and Cabbage (Colcannon),keep,
myplate-pumpkin-chili,Pumpkin Chili,keep,
myplate-parmesan-chive-biscuits,Parmesan Chive Biscuits,keep,
myplate-squash-squares,Squash Squares,keep,
myplate-basic-steamed-collards,Basic Steamed Collards,keep,
myplate-pineapple-angel-food-cake,Pineapple Angel Food Cake,keep,
myplate-lentil-stew,Lentil Stew,keep,
myplate-chicken-salad-with-ramen-noodles,Chicken Salad with Ramen Noodles,keep,
myplate-avocado-breakfast-bruschetta,Avocado Breakfast Bruschetta,keep,
myplate-delicious-tacos,Delicious Tacos,fix,no image
myplate-chicken-and-broccoli-bake,Chicken and Broccoli Bake,keep,
myplate-corn-and-bean-medley,Corn and Bean Medley,fix,no image
myplate-quick-black-bean-salad,Quick Black Bean Salad,keep,
myplate-quick-and-easy-bean-dip,Quick and Easy Bean Dip,keep,
myplate-greek-pork-chops,Greek Pork Chops,keep,
myplate-pear-rabbit,Pear Rabbit,keep,
myplate-fiesta-stuffed-avocado,Fiesta Stuffed Avocado,keep,
myplate-sarah-s-green-bean-casserole,Sarah’s Green Bean Casserole,keep,
myplate-fruit-cole-slaw,Fruit Cole Slaw,fix,no image
myplate-migas-crumbs,"Migas ""Crumbs""",keep,
myplate-lentil-spaghetti-sauce,Lentil Spaghetti Sauce,keep,
myplate-spicy-chicken-and-potato-soup,Spicy Chicken and Potato Soup,fix,no image
myplate-carrot-cookies,Carrot Cookies,keep,
myplate-corn-bread,Corn Bread,keep,
myplate-curried-squash-stew,Curried Squash Stew,keep,
myplate-green-onion-omelet,Green Onion Omelet,keep,
myplate-barley-jambalaya,Barley Jambalaya,keep,
myplate-corn-soup,Corn Soup,keep,
myplate-spicy-fruit-cup,Spicy Fruit Cup,keep,
myplate-chicken-vegetable-soup-with-kale,Chicken Vegetable Soup with Kale,fix,no image
myplate-southwestern-pepper-cups,Southwestern Pepper Cups,keep,
myplate-refried-beans,Refried Beans,keep,
myplate-pea-guacamole,Pea Guacamole,keep,
myplate-spinach-stuffed-potatoes,Spinach Stuffed Potatoes,keep,
myplate-simple-green-smoothie,Simple Green Smoothie,keep,
myplate-potato-spinach-lasagna,Potato Spinach Lasagna,keep,
myplate-macaroni-chick-pea-soup,Macaroni Chick-Pea Soup,keep,
myplate-grandma-s-stuffing,Grandma's Stuffing,keep,
myplate-curry-vegetable-dip,Curry Vegetable Dip,fix,no image
myplate-pasta-primavera,Pasta Primavera,keep,
myplate-french-salad-dressing,French Salad Dressing,keep,
myplate-pumpkin-ricotta-stuffed-shells,Pumpkin Ricotta Stuffed Shells,keep,
myplate-simple-stuffed-peppers,Simple Stuffed Peppers,keep,
myplate-better-baking-mix,Better Baking Mix,keep,
myplate-berry-good-dessert,Berry Good Dessert,fix,no image
myplate-couscous-with-peas-and-onions,Couscous with Peas and Onions,keep,
myplate-citrus-salmon-fillets,Citrus Salmon Fillets,keep,
myplate-rice-bowl-breakfast-with-fruit-and-nuts,Rice Bowl Breakfast with Fruit and Nuts,keep,
myplate-roast-turkey-breast-with-rosemary-sage-and-thyme,"Roast Turkey Breast with Rosemary, Sage, and Thyme",keep,
myplate-skillet-noodles-and-beef,Skillet Noodles and Beef,keep,
myplate-grapefruit-spinach-salad,Grapefruit Spinach Salad,fix,no image
myplate-chili-tomato-macaroni,Chili Tomato Macaroni,keep,
myplate-fresh-tomato-sauce,Fresh Tomato Sauce,keep,
myplate-pineapple-zucchini-cake,Pineapple Zucchini Cake,keep,
myplate-louisiana-green-beans,Louisiana Green Beans,keep,
myplate-colorful-quesadillas,Colorful Quesadillas,keep,
myplate-sensational-six-layer-dinner,Sensational Six-Layer Dinner,fix,no image
myplate-lime-marinated-flank-steak-with-stuffed-poblano-peppers,Lime-Marinated Flank Steak with Stuffed Poblano Peppers,keep,
myplate-granola-with-oatmeal-coconut-and-pecans,"Granola with Oatmeal, Coconut, and Pecans",keep,
myplate-chicken-rice-soup,Chicken & Rice Soup,keep,
myplate-spinach-salad-with-apples-and-raisins,Spinach Salad with Apples and Raisins,keep,
myplate-slow-cooker-cheesy-swiss-steak,Slow Cooker Cheesy Swiss Steak,fix,no image
myplate-spanish-rice,Spanish Rice,keep,
myplate-south-of-the-border-salad,South of the Border Salad,keep,
myplate-summer-squash-italian-style,"Summer Squash, Italian Style",keep,
myplate-pico-de-gallo,Pico de Gallo,keep,
myplate-summer-squash-medley,Summer Squash Medley,keep,
myplate-feather-rolls,Feather Rolls,keep,
myplate-sweet-acorn-squash,Sweet Acorn Squash,keep,
myplate-cheese-a-roni-bake,Cheese-A-Roni Bake,fix,no image
myplate-quick-and-healthy-black-eyed-peas,Quick and Healthy Black-Eyed Peas,keep,
myplate-cowboy-caviar-bean-salsa,Cowboy Caviar (Bean Salsa),fix,no image
myplate-deviled-eggs,Deviled Eggs,keep,
myplate-honey-of-a-pumpkin-bar,Honey of a Pumpkin Bar,keep,
myplate-potato-salad,Potato Salad,keep,
myplate-stove-top-casserole,Stove Top Casserole,fix,no image
myplate-swiss-chard-and-cranberries,Swiss Chard and Cranberries,keep,
myplate-pineapple-rice-bake,Pineapple Rice Bake,fix,no image
myplate-farmers-market-gazpacho,Farmers Market Gazpacho,keep,
myplate-lemon-pepper-salmon-patties,Lemon Pepper Salmon Patties,keep,
myplate-meaty-stuffed-potatoes,Meaty Stuffed Potatoes,fix,no image
myplate-chocolate-chip-yogurt-cookies,Chocolate Chip Yogurt Cookies,keep,
myplate-bean-and-vegetable-salad,Bean and Vegetable Salad,keep,
myplate-frozen-banana-pops,Frozen Banana Pops,keep,
myplate-beet-white-bean-salad,Beet & White Bean Salad,keep,
myplate-caramel-sauce,Caramel Sauce,keep,
myplate-potato-soup,Potato Soup,keep,
myplate-pasta-primavera-ii,Pasta Primavera II,keep,
myplate-bell-pepper-and-potato-salad,Bell Pepper and Potato Salad,keep,
myplate-basic-custard,Basic Custard,keep,
myplate-springtime-cereal,Springtime Cereal,keep,
myplate-tastee-burgers,Tastee Burgers,keep,
myplate-lite-italian-dressing,Lite Italian Dressing,keep,
myplate-microwave-baked-apple,Microwave Baked Apple,keep,
myplate-green-bean-and-rice-casserole,Green Bean and Rice Casserole,keep,
myplate-south-of-the-border-dip,South of the Border Dip,keep,
myplate-avocado-melon-breakfast-smoothie,Avocado Melon Breakfast Smoothie,keep,
myplate-ginger-bread-mix,Ginger Bread Mix,keep,
myplate-fall-veggie-casserole,Fall Veggie Casserole,keep,
myplate-beef-stroganoff,Beef Stroganoff,fix,no image
myplate-banana-waldorf,Banana Waldorf,keep,
myplate-homemade-mashed-potatoes,Homemade Mashed Potatoes,keep,
myplate-lemonade,Lemonade,keep,
myplate-pot-roasted-beef,Pot Roasted Beef,keep,
myplate-simply-satisfying-kale-and-tuna-salad,Simply Satisfying Kale and Tuna Salad,keep,
myplate-sweet-potato-custard,Sweet Potato Custard,keep,
myplate-dried-bananas,Dried Bananas,keep,
myplate-dave-s-herb-stuffed-mushrooms,Dave’s Herb-Stuffed Mushrooms,keep,
myplate-hooked-on-salmon-sticks,Hooked on Salmon Sticks,fix,no image
myplate-quick-and-easy-potato-casserole,Quick and Easy Potato Casserole,keep,
myplate-herbed-vegetables,Herbed Vegetables,keep,
myplate-spaghetti-squash-with-tomatoes-basil-and-parmesan,"Spaghetti Squash with Tomatoes, Basil, and Parmesan",keep,
myplate-pasta-salad-with-herb-vinaigrette,Pasta Salad with Herb Vinaigrette,keep,
myplate-falafel-with-yogurt-sandwich,Falafel with Yogurt Sandwich,keep,
myplate-fish-with-spinach,Fish with Spinach,keep,
myplate-chicken-stew,Chicken Stew,keep,
myplate-mini-caprese-bites,Mini Caprese Bites,keep,
myplate-asparagus-with-gremolata-sauce,Asparagus with Gremolata Sauce,keep,
myplate-fruit-compote,Fruit Compote,keep,
myplate-lemon-spinach,Lemon Spinach,keep,
myplate-mock-southern-sweet-potato-pie,Mock Southern Sweet Potato Pie,keep,
myplate-sweet-potato-pie,Sweet Potato Pie,keep,
myplate-corn-salad-with-fresh-basil-and-lemon,Corn Salad with Fresh Basil and Lemon,keep,
myplate-easy-and-healthy-black-bean-soup,Easy and Healthy Black Bean Soup,keep,
myplate-spaghetti-with-quick-meat-sauce,Spaghetti with Quick Meat Sauce,keep,
myplate-beef-and-cabbage,Beef and Cabbage,keep,
myplate-baked-chicken-with-vegetables,Baked Chicken with Vegetables,fix,no image
myplate-cornbread-dressing,Cornbread Dressing,keep,
myplate-pumpkin-cheese-pie,Pumpkin Cheese Pie,keep,
myplate-easiest-banana-ice-cream,Easiest Banana Ice Cream,keep,
myplate-plantain-cups-with-shredded-chicken-mofonguitos,Plantain Cups with Shredded Chicken | Mofonguitos,fix,title has weird chars
myplate-lemon-potatoes,Lemon Potatoes,keep,
myplate-chili-and-spice-seasoning,Chili and Spice Seasoning,keep,
myplate-fat-free-apple-crumb-dessert,Fat-Free Apple Crumb Dessert,keep,
myplate-chicken-ratatouille,Chicken Ratatouille,keep,